date,count,uniques
2026-09-16,5392,1372
2026-09-17,6073,1567
2026-09-18,5255,1314
2026-09-19,4095,939
2026-09-20,5976,1131
2026-09-21,7119,1751
2026-09-22,6248,1487
2026-09-23,6433,1349
2026-09-24,6349,1575
2026-09-25,6311,1791
2026-09-26,4258,1349
2026-09-27,3854,1225
2026-09-28,4491,1221
2026-09-29,4776,1454
2026-09-30,5957,1337
2026-10-01,5932,1262
2026-10-02,4562,1294
2026-10-03,3987,1016
2026-10-04,5224,1234
2026-10-05,8269,1845
2026-10-06,5768,1558
2026-10-07,7013,1505
2026-10-08,7058,1840
2026-10-09,7798,1518
